Subscriber ID,IP Address,Destination IP,Destination Port,Application,Start Time,End Time,Protocol,ISP,Location
91XXXXXXXXXX,192.168.1.170,172.217.9.155,5222,WhatsApp Messenger,2024-04-01 10:19:52,2024-04-01 10:29:52,TCP,Airtel,Chandigarh
91XXXXXXXXXX,192.168.1.63,172.217.2.153,5222,WhatsApp Messenger,2024-04-01 14:19:10,2024-04-01 14:29:10,TCP,Airtel,Chandigarh
91XXXXXXXXXX,192.168.1.239,172.217.233.86,5222,WhatsApp Messenger,2024-04-01 20:44:06,2024-04-01 20:54:06,TCP,Airtel,Chandigarh
91XXXXXXXXXX,192.168.1.85,172.217.99.181,5222,WhatsApp Messenger,2024-04-01 23:37:01,2024-04-01 23:47:01,TCP,Airtel,Chandigarh
91XXXXXXXXXX,192.168.1.159,172.217.241.132,5222,WhatsApp Messenger,2024-04-01 21:24:56,2024-04-01 21:34:56,TCP,Airtel,Chandigarh
91XXXXXXXXXX,192.168.1.166,172.217.3.237,5222,WhatsApp Messenger,2024-04-01 00:07:54,2024-04-01 00:17:54,TCP,Airtel,Chandigarh
91XXXXXXXXXX,192.168.1.125,172.217.176.73,5222,WhatsApp Messenger,2024-04-01 18:54:44,2024-04-01 19:04:44,TCP,Airtel,Chandigarh
91XXXXXXXXXX,192.168.1.252,172.217.175.111,5222,WhatsApp Messenger,2024-04-01 23:56:51,2024-04-02 00:06:51,TCP,Airtel,Chandigarh
91XXXXXXXXXX,192.168.1.152,172.217.186.243,5222,WhatsApp Messenger,2024-04-01 19:56:30,2024-04-01 20:06:30,TCP,Airtel,Chandigarh
91XXXXXXXXXX,192.168.1.130,172.217.157.69,5222,WhatsApp Messenger,2024-04-01 06:21:35,2024-04-01 06:31:35,TCP,Airtel,Chandigarh
91XXXXXXXXXX,192.168.1.8,172.217.249.199,5222,WhatsApp Messenger,2024-04-01 09:46:13,2024-04-01 09:56:13,TCP,Airtel,Chandigarh
91XXXXXXXXXX,192.168.1.55,172.217.39.33,5222,WhatsApp Messenger,2024-04-01 08:54:19,2024-04-01 09:04:19,TCP,Airtel,Chandigarh
91XXXXXXXXXX,192.168.1.98,172.217.101.204,5222,WhatsApp Messenger,2024-04-01 22:15:22,2024-04-01 22:25:22,TCP,Airtel,Chandigarh
91XXXXXXXXXX,192.168.1.188,172.217.33.234,5222,WhatsApp Messenger,2024-04-01 13:37:28,2024-04-01 13:47:28,TCP,Airtel,Chandigarh
91XXXXXXXXXX,192.168.1.116,172.217.192.232,5222,WhatsApp Messenger,2024-04-01 01:03:57,2024-04-01 01:13:57,TCP,Airtel,Chandigarh
91XXXXXXXXXX,192.168.1.83,172.217.156.192,5222,WhatsApp Messenger,2024-04-01 16:45:39,2024-04-01 16:55:39,TCP,Airtel,Chandigarh
91XXXXXXXXXX,192.168.1.5,172.217.63.184,5222,WhatsApp Messenger,2024-04-01 06:33:25,2024-04-01 06:43:25,TCP,Airtel,Chandigarh
91XXXXXXXXXX,192.168.1.88,172.217.213.143,5222,WhatsApp Messenger,2024-04-01 23:32:16,2024-04-01 23:42:16,TCP,Airtel,Chandigarh
91XXXXXXXXXX,192.168.1.227,172.217.191.172,443,Instagram,2024-04-01 15:11:12,2024-04-01 15:21:12,TCP,Airtel,Chandigarh
91XXXXXXXXXX,192.168.1.116,172.217.66.30,443,Instagram,2024-04-01 17:55:51,2024-04-01 18:05:51,TCP,Airtel,Chandigarh
91XXXXXXXXXX,192.168.1.179,172.217.215.184,443,Instagram,2024-04-01 02:12:36,2024-04-01 02:22:36,TCP,Airtel,Chandigarh
91XXXXXXXXXX,192.168.1.81,172.217.133.110,443,Instagram,2024-04-01 18:04:03,2024-04-01 18:14:03,TCP,Airtel,Chandigarh
91XXXXXXXXXX,192.168.1.213,172.217.11.228,443,Instagram,2024-04-01 23:06:23,2024-04-01 23:16:23,TCP,Airtel,Chandigarh
91XXXXXXXXXX,192.168.1.248,172.217.205.47,443,Instagram,2024-04-01 08:19:46,2024-04-01 08:29:46,TCP,Airtel,Chandigarh
91XXXXXXXXXX,192.168.1.53,172.217.187.253,443,Instagram,2024-04-01 10:33:11,2024-04-01 10:43:11,TCP,Airtel,Chandigarh
91XXXXXXXXXX,192.168.1.59,172.217.125.25,443,Instagram,2024-04-01 17:04:34,2024-04-01 17:14:34,TCP,Airtel,Chandigarh
91XXXXXXXXXX,192.168.1.200,172.217.67.8,443,Instagram,2024-04-01 22:49:44,2024-04-01 22:59:44,TCP,Airtel,Chandigarh
91XXXXXXXXXX,192.168.1.79,172.217.39.79,443,Instagram,2024-04-01 21:16:34,2024-04-01 21:26:34,TCP,Airtel,Chandigarh
91XXXXXXXXXX,192.168.1.161,172.217.250.128,443,Instagram,2024-04-01 17:14:02,2024-04-01 17:24:02,TCP,Airtel,Chandigarh
91XXXXXXXXXX,192.168.1.93,172.217.240.105,443,Instagram,2024-04-01 07:34:55,2024-04-01 07:44:55,TCP,Airtel,Chandigarh
91XXXXXXXXXX,192.168.1.70,172.217.120.60,443,Instagram,2024-04-01 12:51:16,2024-04-01 13:01:16,TCP,Airtel,Chandigarh
91XXXXXXXXXX,192.168.1.119,172.217.119.2,443,Instagram,2024-04-01 23:18:27,2024-04-01 23:28:27,TCP,Airtel,Chandigarh
91XXXXXXXXXX,192.168.1.172,172.217.88.38,443,Instagram,2024-04-01 05:24:49,2024-04-01 05:34:49,TCP,Airtel,Chandigarh
91XXXXXXXXXX,192.168.1.229,172.217.234.185,443,Instagram,2024-04-01 10:35:13,2024-04-01 10:45:13,TCP,Airtel,Chandigarh
91XXXXXXXXXX,192.168.1.49,172.217.36.186,443,Instagram,2024-04-01 06:59:04,2024-04-01 07:09:04,TCP,Airtel,Chandigarh
91XXXXXXXXXX,192.168.1.127,172.217.192.86,443,Instagram,2024-04-01 03:12:58,2024-04-01 03:22:58,TCP,Airtel,Chandigarh
91XXXXXXXXXX,192.168.1.129,172.217.186.187,443,Instagram,2024-04-01 22:00:29,2024-04-01 22:10:29,TCP,Airtel,Chandigarh
91XXXXXXXXXX,192.168.1.225,172.217.101.237,443,Instagram,2024-04-01 18:10:52,2024-04-01 18:20:52,TCP,Airtel,Chandigarh
91XXXXXXXXXX,192.168.1.167,172.217.4.234,443,Instagram,2024-04-01 08:47:31,2024-04-01 08:57:31,TCP,Airtel,Chandigarh
91XXXXXXXXXX,192.168.1.123,172.217.42.144,443,Instagram,2024-04-01 22:37:29,2024-04-01 22:47:29,TCP,Airtel,Chandigarh
91XXXXXXXXXX,192.168.1.172,172.217.158.183,443,Instagram,2024-04-01 14:57:02,2024-04-01 15:07:02,TCP,Airtel,Chandigarh
91XXXXXXXXXX,192.168.1.147,172.217.195.143,443,Instagram,2024-04-01 17:47:36,2024-04-01 17:57:36,TCP,Airtel,Chandigarh
91XXXXXXXXXX,192.168.1.67,172.217.204.192,443,Discord,2024-04-01 17:32:44,2024-04-01 17:42:44,TCP,Airtel,Chandigarh
91XXXXXXXXXX,192.168.1.140,172.217.93.126,443,Discord,2024-04-01 11:32:22,2024-04-01 11:42:22,TCP,Airtel,Chandigarh
91XXXXXXXXXX,192.168.1.133,172.217.224.198,443,Discord,2024-04-01 01:39:14,2024-04-01 01:49:14,TCP,Airtel,Chandigarh
91XXXXXXXXXX,192.168.1.84,172.217.65.190,443,Discord,2024-04-01 11:18:51,2024-04-01 11:28:51,TCP,Airtel,Chandigarh
91XXXXXXXXXX,192.168.1.204,172.217.227.233,443,Discord,2024-04-01 09:27:40,2024-04-01 09:37:40,TCP,Airtel,Chandigarh
91XXXXXXXXXX,192.168.1.197,172.217.141.161,443,Discord,2024-04-01 23:43:39,2024-04-01 23:53:39,TCP,Airtel,Chandigarh
91XXXXXXXXXX,192.168.1.183,172.217.199.8,443,Discord,2024-04-01 07:50:08,2024-04-01 08:00:08,TCP,Airtel,Chandigarh
91XXXXXXXXXX,192.168.1.169,172.217.148.92,443,Discord,2024-04-01 09:29:32,2024-04-01 09:39:32,TCP,Airtel,Chandigarh
91XXXXXXXXXX,192.168.1.180,172.217.157.87,443,Discord,2024-04-01 15:35:48,2024-04-01 15:45:48,TCP,Airtel,Chandigarh
91XXXXXXXXXX,192.168.1.82,172.217.80.187,443,Discord,2024-04-01 19:01:55,2024-04-01 19:11:55,TCP,Airtel,Chandigarh
91XXXXXXXXXX,192.168.1.213,172.217.139.231,443,Discord,2024-04-01 08:14:18,2024-04-01 08:24:18,TCP,Airtel,Chandigarh
91XXXXXXXXXX,192.168.1.129,172.217.248.12,443,Discord,2024-04-01 22:05:04,2024-04-01 22:15:04,TCP,Airtel,Chandigarh
91XXXXXXXXXX,192.168.1.248,172.217.81.60,80,Google Search,2024-04-01 13:44:11,2024-04-01 13:54:11,TCP,Airtel,Chandigarh
91XXXXXXXXXX,192.168.1.73,172.217.227.206,80,Google Search,2024-04-01 08:18:52,2024-04-01 08:28:52,TCP,Airtel,Chandigarh
91XXXXXXXXXX,192.168.1.59,172.217.121.217,80,Google Search,2024-04-01 22:37:30,2024-04-01 22:47:30,TCP,Airtel,Chandigarh
91XXXXXXXXXX,192.168.1.128,172.217.218.119,80,Google Search,2024-04-01 10:19:01,2024-04-01 10:29:01,TCP,Airtel,Chandigarh
91XXXXXXXXXX,192.168.1.231,172.217.60.189,80,Google Search,2024-04-01 14:32:22,2024-04-01 14:42:22,TCP,Airtel,Chandigarh
91XXXXXXXXXX,192.168.1.136,172.217.121.18,80,Google Search,2024-04-01 17:03:48,2024-04-01 17:13:48,TCP,Airtel,Chandigarh
91XXXXXXXXXX,192.168.1.176,172.217.242.26,443,Chat GPT,2024-04-01 07:13:35,2024-04-01 07:23:35,TCP,Airtel,Chandigarh
91XXXXXXXXXX,192.168.1.18,172.217.252.194,443,Chat GPT,2024-04-01 00:50:10,2024-04-01 01:00:10,TCP,Airtel,Chandigarh
91XXXXXXXXXX,192.168.1.15,172.217.188.0,443,Chat GPT,2024-04-01 02:42:58,2024-04-01 02:52:58,TCP,Airtel,Chandigarh
91XXXXXXXXXX,192.168.1.221,172.217.52.143,443,Chat GPT,2024-04-01 09:16:30,2024-04-01 09:26:30,TCP,Airtel,Chandigarh
91XXXXXXXXXX,192.168.1.159,172.217.165.13,443,Chat GPT,2024-04-01 01:43:34,2024-04-01 01:53:34,TCP,Airtel,Chandigarh
91XXXXXXXXXX,192.168.1.53,172.217.117.59,443,Chat GPT,2024-04-01 02:21:43,2024-04-01 02:31:43,TCP,Airtel,Chandigarh
91XXXXXXXXXX,192.168.1.38,172.217.175.114,443,Zomato,2024-04-01 15:51:20,2024-04-01 16:01:20,TCP,Airtel,Chandigarh
91XXXXXXXXXX,192.168.1.228,172.217.99.86,443,Zomato,2024-04-01 00:06:27,2024-04-01 00:16:27,TCP,Airtel,Chandigarh
91XXXXXXXXXX,192.168.1.31,172.217.38.121,443,Zomato,2024-04-01 15:24:28,2024-04-01 15:34:28,TCP,Airtel,Chandigarh
91XXXXXXXXXX,192.168.1.16,172.217.186.108,5222,WhatsApp Messenger,2024-04-02 14:42:03,2024-04-02 14:52:03,TCP,Airtel,Chandigarh
91XXXXXXXXXX,192.168.1.145,172.217.0.71,5222,WhatsApp Messenger,2024-04-02 15:25:58,2024-04-02 15:35:58,TCP,Airtel,Chandigarh
91XXXXXXXXXX,192.168.1.231,172.217.224.107,5222,WhatsApp Messenger,2024-04-02 13:31:51,2024-04-02 13:41:51,TCP,Airtel,Chandigarh
91XXXXXXXXXX,192.168.1.162,172.217.24.180,5222,WhatsApp Messenger,2024-04-02 00:21:31,2024-04-02 00:31:31,TCP,Airtel,Chandigarh
91XXXXXXXXXX,192.168.1.71,172.217.119.37,5222,WhatsApp Messenger,2024-04-02 12:12:33,2024-04-02 12:22:33,TCP,Airtel,Chandigarh
91XXXXXXXXXX,192.168.1.13,172.217.248.11,5222,WhatsApp Messenger,2024-04-02 05:14:45,2024-04-02 05:24:45,TCP,Airtel,Chandigarh
91XXXXXXXXXX,192.168.1.195,172.217.49.64,5222,WhatsApp Messenger,2024-04-02 17:06:51,2024-04-02 17:16:51,TCP,Airtel,Chandigarh
91XXXXXXXXXX,192.168.1.73,172.217.25.16,5222,WhatsApp Messenger,2024-04-02 14:31:41,2024-04-02 14:41:41,TCP,Airtel,Chandigarh
91XXXXXXXXXX,192.168.1.132,172.217.72.134,5222,WhatsApp Messenger,2024-04-02 07:07:05,2024-04-02 07:17:05,TCP,Airtel,Chandigarh
91XXXXXXXXXX,192.168.1.196,172.217.0.129,5222,WhatsApp Messenger,2024-04-02 11:22:35,2024-04-02 11:32:35,TCP,Airtel,Chandigarh
91XXXXXXXXXX,192.168.1.184,172.217.214.2,5222,WhatsApp Messenger,2024-04-02 13:47:07,2024-04-02 13:57:07,TCP,Airtel,Chandigarh
91XXXXXXXXXX,192.168.1.142,172.217.156.40,5222,WhatsApp Messenger,2024-04-02 10:35:45,2024-04-02 10:45:45,TCP,Airtel,Chandigarh
91XXXXXXXXXX,192.168.1.70,172.217.92.239,5222,WhatsApp Messenger,2024-04-02 10:17:26,2024-04-02 10:27:26,TCP,Airtel,Chandigarh
91XXXXXXXXXX,192.168.1.246,172.217.103.44,5222,WhatsApp Messenger,2024-04-02 06:42:38,2024-04-02 06:52:38,TCP,Airtel,Chandigarh
91XXXXXXXXXX,192.168.1.251,172.217.38.78,5222,WhatsApp Messenger,2024-04-02 17:29:05,2024-04-02 17:39:05,TCP,Airtel,Chandigarh
91XXXXXXXXXX,192.168.1.63,172.217.179.75,5222,WhatsApp Messenger,2024-04-02 10:29:12,2024-04-02 10:39:12,TCP,Airtel,Chandigarh
91XXXXXXXXXX,192.168.1.25,172.217.225.58,5222,WhatsApp Messenger,2024-04-02 15:24:09,2024-04-02 15:34:09,TCP,Airtel,Chandigarh
91XXXXXXXXXX,192.168.1.130,172.217.96.9,5222,WhatsApp Messenger,2024-04-02 01:32:45,2024-04-02 01:42:45,TCP,Airtel,Chandigarh
91XXXXXXXXXX,192.168.1.133,172.217.141.179,443,Instagram,2024-04-02 01:08:23,2024-04-02 01:18:23,TCP,Airtel,Chandigarh
91XXXXXXXXXX,192.168.1.31,172.217.252.17,443,Instagram,2024-04-02 05:10:37,2024-04-02 05:20:37,TCP,Airtel,Chandigarh
91XXXXXXXXXX,192.168.1.109,172.217.252.194,443,Instagram,2024-04-02 05:48:57,2024-04-02 05:58:57,TCP,Airtel,Chandigarh
91XXXXXXXXXX,192.168.1.232,172.217.128.117,443,Instagram,2024-04-02 20:54:29,2024-04-02 21:04:29,TCP,Airtel,Chandigarh
91XXXXXXXXXX,192.168.1.164,172.217.175.244,443,Instagram,2024-04-02 23:44:27,2024-04-02 23:54:27,TCP,Airtel,Chandigarh
91XXXXXXXXXX,192.168.1.150,172.217.107.164,443,Instagram,2024-04-02 19:07:58,2024-04-02 19:17:58,TCP,Airtel,Chandigarh
91XXXXXXXXXX,192.168.1.5,172.217.88.240,443,Instagram,2024-04-02 01:29:39,2024-04-02 01:39:39,TCP,Airtel,Chandigarh
91XXXXXXXXXX,192.168.1.185,172.217.170.181,443,Instagram,2024-04-02 10:43:16,2024-04-02 10:53:16,TCP,Airtel,Chandigarh
91XXXXXXXXXX,192.168.1.88,172.217.129.129,443,Instagram,2024-04-02 01:12:07,2024-04-02 01:22:07,TCP,Airtel,Chandigarh
91XXXXXXXXXX,192.168.1.11,172.217.59.107,443,Instagram,2024-04-02 07:16:44,2024-04-02 07:26:44,TCP,Airtel,Chandigarh
91XXXXXXXXXX,192.168.1.70,172.217.2.101,443,Instagram,2024-04-02 09:40:39,2024-04-02 09:50:39,TCP,Airtel,Chandigarh
91XXXXXXXXXX,192.168.1.82,172.217.196.97,443,Instagram,2024-04-02 00:32:37,2024-04-02 00:42:37,TCP,Airtel,Chandigarh
91XXXXXXXXXX,192.168.1.243,172.217.76.13,443,Instagram,2024-04-02 09:19:21,2024-04-02 09:29:21,TCP,Airtel,Chandigarh
91XXXXXXXXXX,192.168.1.197,172.217.3.91,443,Instagram,2024-04-02 22:52:03,2024-04-02 23:02:03,TCP,Airtel,Chandigarh
91XXXXXXXXXX,192.168.1.163,172.217.109.7,443,Instagram,2024-04-02 19:26:09,2024-04-02 19:36:09,TCP,Airtel,Chandigarh
91XXXXXXXXXX,192.168.1.142,172.217.159.252,443,Instagram,2024-04-02 22:37:56,2024-04-02 22:47:56,TCP,Airtel,Chandigarh
91XXXXXXXXXX,192.168.1.100,172.217.166.81,443,Instagram,2024-04-02 12:18:26,2024-04-02 12:28:26,TCP,Airtel,Chandigarh
91XXXXXXXXXX,192.168.1.219,172.217.62.90,443,Instagram,2024-04-02 15:20:59,2024-04-02 15:30:59,TCP,Airtel,Chandigarh
91XXXXXXXXXX,192.168.1.199,172.217.200.243,443,Instagram,2024-04-02 03:49:45,2024-04-02 03:59:45,TCP,Airtel,Chandigarh
91XXXXXXXXXX,192.168.1.82,172.217.170.196,443,Instagram,2024-04-02 05:54:56,2024-04-02 06:04:56,TCP,Airtel,Chandigarh
91XXXXXXXXXX,192.168.1.241,172.217.24.15,443,Instagram,2024-04-02 11:25:42,2024-04-02 11:35:42,TCP,Airtel,Chandigarh
91XXXXXXXXXX,192.168.1.203,172.217.80.226,443,Instagram,2024-04-02 20:36:31,2024-04-02 20:46:31,TCP,Airtel,Chandigarh
91XXXXXXXXXX,192.168.1.217,172.217.243.152,443,Instagram,2024-04-02 00:24:00,2024-04-02 00:34:00,TCP,Airtel,Chandigarh
91XXXXXXXXXX,192.168.1.51,172.217.110.21,443,Instagram,2024-04-02 06:22:20,2024-04-02 06:32:20,TCP,Airtel,Chandigarh
91XXXXXXXXXX,192.168.1.241,172.217.239.153,443,Discord,2024-04-02 21:08:08,2024-04-02 21:18:08,TCP,Airtel,Chandigarh
91XXXXXXXXXX,192.168.1.223,172.217.213.80,443,Discord,2024-04-02 01:39:48,2024-04-02 01:49:48,TCP,Airtel,Chandigarh
91XXXXXXXXXX,192.168.1.233,172.217.30.0,443,Discord,2024-04-02 14:31:14,2024-04-02 14:41:14,TCP,Airtel,Chandigarh
91XXXXXXXXXX,192.168.1.97,172.217.111.59,443,Discord,2024-04-02 15:58:38,2024-04-02 16:08:38,TCP,Airtel,Chandigarh
91XXXXXXXXXX,192.168.1.18,172.217.112.91,443,Discord,2024-04-02 16:18:24,2024-04-02 16:28:24,TCP,Airtel,Chandigarh
91XXXXXXXXXX,192.168.1.196,172.217.23.201,443,Discord,2024-04-02 20:33:43,2024-04-02 20:43:43,TCP,Airtel,Chandigarh
91XXXXXXXXXX,192.168.1.74,172.217.239.79,443,Discord,2024-04-02 11:49:11,2024-04-02 11:59:11,TCP,Airtel,Chandigarh
91XXXXXXXXXX,192.168.1.68,172.217.60.128,443,Discord,2024-04-02 20:41:57,2024-04-02 20:51:57,TCP,Airtel,Chandigarh
91XXXXXXXXXX,192.168.1.209,172.217.217.66,443,Discord,2024-04-02 12:21:15,2024-04-02 12:31:15,TCP,Airtel,Chandigarh
91XXXXXXXXXX,192.168.1.195,172.217.205.166,443,Discord,2024-04-02 01:34:06,2024-04-02 01:44:06,TCP,Airtel,Chandigarh
91XXXXXXXXXX,192.168.1.62,172.217.211.226,443,Discord,2024-04-02 23:47:54,2024-04-02 23:57:54,TCP,Airtel,Chandigarh
91XXXXXXXXXX,192.168.1.73,172.217.170.29,443,Discord,2024-04-02 15:06:13,2024-04-02 15:16:13,TCP,Airtel,Chandigarh
91XXXXXXXXXX,192.168.1.134,172.217.184.159,80,Google Search,2024-04-02 17:26:00,2024-04-02 17:36:00,TCP,Airtel,Chandigarh
91XXXXXXXXXX,192.168.1.116,172.217.173.79,80,Google Search,2024-04-02 06:01:57,2024-04-02 06:11:57,TCP,Airtel,Chandigarh
91XXXXXXXXXX,192.168.1.205,172.217.0.195,80,Google Search,2024-04-02 19:42:34,2024-04-02 19:52:34,TCP,Airtel,Chandigarh
91XXXXXXXXXX,192.168.1.202,172.217.202.211,80,Google Search,2024-04-02 01:51:41,2024-04-02 02:01:41,TCP,Airtel,Chandigarh
91XXXXXXXXXX,192.168.1.107,172.217.248.81,80,Google Search,2024-04-02 22:01:45,2024-04-02 22:11:45,TCP,Airtel,Chandigarh
91XXXXXXXXXX,192.168.1.105,172.217.62.237,80,Google Search,2024-04-02 14:09:07,2024-04-02 14:19:07,TCP,Airtel,Chandigarh
91XXXXXXXXXX,192.168.1.214,172.217.156.62,443,Chat GPT,2024-04-02 20:57:03,2024-04-02 21:07:03,TCP,Airtel,Chandigarh
91XXXXXXXXXX,192.168.1.96,172.217.63.130,443,Chat GPT,2024-04-02 12:57:26,2024-04-02 13:07:26,TCP,Airtel,Chandigarh
91XXXXXXXXXX,192.168.1.198,172.217.233.98,443,Chat GPT,2024-04-02 04:21:59,2024-04-02 04:31:59,TCP,Airtel,Chandigarh
91XXXXXXXXXX,192.168.1.248,172.217.245.46,443,Chat GPT,2024-04-02 12:06:49,2024-04-02 12:16:49,TCP,Airtel,Chandigarh
91XXXXXXXXXX,192.168.1.69,172.217.24.14,443,Chat GPT,2024-04-02 09:25:46,2024-04-02 09:35:46,TCP,Airtel,Chandigarh
91XXXXXXXXXX,192.168.1.167,172.217.33.40,443,Chat GPT,2024-04-02 21:29:42,2024-04-02 21:39:42,TCP,Airtel,Chandigarh
91XXXXXXXXXX,192.168.1.9,172.217.69.118,443,Zomato,2024-04-02 10:52:37,2024-04-02 11:02:37,TCP,Airtel,Chandigarh
91XXXXXXXXXX,192.168.1.185,172.217.54.26,443,Zomato,2024-04-02 04:05:03,2024-04-02 04:15:03,TCP,Airtel,Chandigarh
91XXXXXXXXXX,192.168.1.30,172.217.79.129,443,Zomato,2024-04-02 17:01:11,2024-04-02 17:11:11,TCP,Airtel,Chandigarh
91XXXXXXXXXX,192.168.1.54,172.217.142.174,5222,WhatsApp Messenger,2024-04-03 18:40:52,2024-04-03 18:50:52,TCP,Airtel,Chandigarh
91XXXXXXXXXX,192.168.1.54,172.217.137.157,5222,WhatsApp Messenger,2024-04-03 01:59:30,2024-04-03 02:09:30,TCP,Airtel,Chandigarh
91XXXXXXXXXX,192.168.1.58,172.217.61.29,5222,WhatsApp Messenger,2024-04-03 05:15:04,2024-04-03 05:25:04,TCP,Airtel,Chandigarh
91XXXXXXXXXX,192.168.1.227,172.217.169.52,5222,WhatsApp Messenger,2024-04-03 17:35:43,2024-04-03 17:45:43,TCP,Airtel,Chandigarh
91XXXXXXXXXX,192.168.1.133,172.217.136.251,5222,WhatsApp Messenger,2024-04-03 05:49:14,2024-04-03 05:59:14,TCP,Airtel,Chandigarh
91XXXXXXXXXX,192.168.1.132,172.217.233.13,5222,WhatsApp Messenger,2024-04-03 00:28:33,2024-04-03 00:38:33,TCP,Airtel,Chandigarh
91XXXXXXXXXX,192.168.1.227,172.217.190.86,5222,WhatsApp Messenger,2024-04-03 08:03:07,2024-04-03 08:13:07,TCP,Airtel,Chandigarh
91XXXXXXXXXX,192.168.1.74,172.217.237.130,5222,WhatsApp Messenger,2024-04-03 09:25:10,2024-04-03 09:35:10,TCP,Airtel,Chandigarh
91XXXXXXXXXX,192.168.1.104,172.217.82.48,5222,WhatsApp Messenger,2024-04-03 05:58:23,2024-04-03 06:08:23,TCP,Airtel,Chandigarh
91XXXXXXXXXX,192.168.1.108,172.217.50.7,5222,WhatsApp Messenger,2024-04-03 01:26:40,2024-04-03 01:36:40,TCP,Airtel,Chandigarh
91XXXXXXXXXX,192.168.1.53,172.217.137.133,5222,WhatsApp Messenger,2024-04-03 05:58:56,2024-04-03 06:08:56,TCP,Airtel,Chandigarh
91XXXXXXXXXX,192.168.1.159,172.217.97.210,5222,WhatsApp Messenger,2024-04-03 23:01:20,2024-04-03 23:11:20,TCP,Airtel,Chandigarh
91XXXXXXXXXX,192.168.1.123,172.217.82.52,5222,WhatsApp Messenger,2024-04-03 22:28:00,2024-04-03 22:38:00,TCP,Airtel,Chandigarh
91XXXXXXXXXX,192.168.1.36,172.217.232.224,5222,WhatsApp Messenger,2024-04-03 22:34:59,2024-04-03 22:44:59,TCP,Airtel,Chandigarh
91XXXXXXXXXX,192.168.1.174,172.217.9.43,5222,WhatsApp Messenger,2024-04-03 05:29:13,2024-04-03 05:39:13,TCP,Airtel,Chandigarh
91XXXXXXXXXX,192.168.1.216,172.217.158.50,5222,WhatsApp Messenger,2024-04-03 14:55:36,2024-04-03 15:05:36,TCP,Airtel,Chandigarh
91XXXXXXXXXX,192.168.1.154,172.217.220.95,5222,WhatsApp Messenger,2024-04-03 16:09:39,2024-04-03 16:19:39,TCP,Airtel,Chandigarh
91XXXXXXXXXX,192.168.1.64,172.217.247.31,5222,WhatsApp Messenger,2024-04-03 14:15:55,2024-04-03 14:25:55,TCP,Airtel,Chandigarh
91XXXXXXXXXX,192.168.1.10,172.217.155.75,443,Instagram,2024-04-03 19:05:06,2024-04-03 19:15:06,TCP,Airtel,Chandigarh
91XXXXXXXXXX,192.168.1.99,172.217.116.252,443,Instagram,2024-04-03 06:44:32,2024-04-03 06:54:32,TCP,Airtel,Chandigarh
91XXXXXXXXXX,192.168.1.228,172.217.225.88,443,Instagram,2024-04-03 07:44:41,2024-04-03 07:54:41,TCP,Airtel,Chandigarh
91XXXXXXXXXX,192.168.1.202,172.217.99.79,443,Instagram,2024-04-03 01:24:45,2024-04-03 01:34:45,TCP,Airtel,Chandigarh
91XXXXXXXXXX,192.168.1.42,172.217.39.15,443,Instagram,2024-04-03 01:39:13,2024-04-03 01:49:13,TCP,Airtel,Chandigarh
91XXXXXXXXXX,192.168.1.125,172.217.159.20,443,Instagram,2024-04-03 07:13:25,2024-04-03 07:23:25,TCP,Airtel,Chandigarh
91XXXXXXXXXX,192.168.1.246,172.217.56.116,443,Instagram,2024-04-03 23:12:09,2024-04-03 23:22:09,TCP,Airtel,Chandigarh
91XXXXXXXXXX,192.168.1.132,172.217.212.58,443,Instagram,2024-04-03 04:06:16,2024-04-03 04:16:16,TCP,Airtel,Chandigarh
91XXXXXXXXXX,192.168.1.194,172.217.38.238,443,Instagram,2024-04-03 21:48:31,2024-04-03 21:58:31,TCP,Airtel,Chandigarh
91XXXXXXXXXX,192.168.1.194,172.217.128.20,443,Instagram,2024-04-03 10:11:42,2024-04-03 10:21:42,TCP,Airtel,Chandigarh
91XXXXXXXXXX,192.168.1.254,172.217.113.174,443,Instagram,2024-04-03 12:21:49,2024-04-03 12:31:49,TCP,Airtel,Chandigarh
91XXXXXXXXXX,192.168.1.49,172.217.76.112,443,Instagram,2024-04-03 07:11:52,2024-04-03 07:21:52,TCP,Airtel,Chandigarh
91XXXXXXXXXX,192.168.1.204,172.217.24.204,443,Instagram,2024-04-03 06:53:02,2024-04-03 07:03:02,TCP,Airtel,Chandigarh
91XXXXXXXXXX,192.168.1.27,172.217.10.180,443,Instagram,2024-04-03 09:57:00,2024-04-03 10:07:00,TCP,Airtel,Chandigarh
91XXXXXXXXXX,192.168.1.246,172.217.35.90,443,Instagram,2024-04-03 05:03:14,2024-04-03 05:13:14,TCP,Airtel,Chandigarh
91XXXXXXXXXX,192.168.1.55,172.217.46.160,443,Instagram,2024-04-03 11:17:11,2024-04-03 11:27:11,TCP,Airtel,Chandigarh
91XXXXXXXXXX,192.168.1.98,172.217.64.54,443,Instagram,2024-04-03 10:32:47,2024-04-03 10:42:47,TCP,Airtel,Chandigarh
91XXXXXXXXXX,192.168.1.207,172.217.111.249,443,Instagram,2024-04-03 14:51:06,2024-04-03 15:01:06,TCP,Airtel,Chandigarh
91XXXXXXXXXX,192.168.1.104,172.217.89.148,443,Instagram,2024-04-03 22:10:00,2024-04-03 22:20:00,TCP,Airtel,Chandigarh
91XXXXXXXXXX,192.168.1.87,172.217.21.117,443,Instagram,2024-04-03 17:01:35,2024-04-03 17:11:35,TCP,Airtel,Chandigarh
91XXXXXXXXXX,192.168.1.230,172.217.76.132,443,Instagram,2024-04-03 02:45:35,2024-04-03 02:55:35,TCP,Airtel,Chandigarh
91XXXXXXXXXX,192.168.1.52,172.217.80.29,443,Instagram,2024-04-03 13:34:23,2024-04-03 13:44:23,TCP,Airtel,Chandigarh
91XXXXXXXXXX,192.168.1.141,172.217.222.127,443,Instagram,2024-04-03 19:00:57,2024-04-03 19:10:57,TCP,Airtel,Chandigarh
91XXXXXXXXXX,192.168.1.210,172.217.143.224,443,Instagram,2024-04-03 16:58:30,2024-04-03 17:08:30,TCP,Airtel,Chandigarh
91XXXXXXXXXX,192.168.1.54,172.217.74.187,443,Discord,2024-04-03 07:34:03,2024-04-03 07:44:03,TCP,Airtel,Chandigarh
91XXXXXXXXXX,192.168.1.66,172.217.234.39,443,Discord,2024-04-03 17:21:59,2024-04-03 17:31:59,TCP,Airtel,Chandigarh
91XXXXXXXXXX,192.168.1.28,172.217.248.94,443,Discord,2024-04-03 22:42:54,2024-04-03 22:52:54,TCP,Airtel,Chandigarh
91XXXXXXXXXX,192.168.1.86,172.217.144.150,443,Discord,2024-04-03 01:16:26,2024-04-03 01:26:26,TCP,Airtel,Chandigarh
91XXXXXXXXXX,192.168.1.31,172.217.245.78,443,Discord,2024-04-03 13:21:03,2024-04-03 13:31:03,TCP,Airtel,Chandigarh
91XXXXXXXXXX,192.168.1.230,172.217.23.136,443,Discord,2024-04-03 15:38:06,2024-04-03 15:48:06,TCP,Airtel,Chandigarh
91XXXXXXXXXX,192.168.1.161,172.217.246.80,443,Discord,2024-04-03 15:30:47,2024-04-03 15:40:47,TCP,Airtel,Chandigarh
91XXXXXXXXXX,192.168.1.160,172.217.116.243,443,Discord,2024-04-03 12:33:35,2024-04-03 12:43:35,TCP,Airtel,Chandigarh
91XXXXXXXXXX,192.168.1.158,172.217.52.77,443,Discord,2024-04-03 03:14:54,2024-04-03 03:24:54,TCP,Airtel,Chandigarh
91XXXXXXXXXX,192.168.1.173,172.217.212.218,443,Discord,2024-04-03 03:02:12,2024-04-03 03:12:12,TCP,Airtel,Chandigarh
91XXXXXXXXXX,192.168.1.97,172.217.166.132,443,Discord,2024-04-03 04:20:37,2024-04-03 04:30:37,TCP,Airtel,Chandigarh
91XXXXXXXXXX,192.168.1.59,172.217.17.58,443,Discord,2024-04-03 06:25:37,2024-04-03 06:35:37,TCP,Airtel,Chandigarh
91XXXXXXXXXX,192.168.1.253,172.217.76.67,80,Google Search,2024-04-03 09:12:20,2024-04-03 09:22:20,TCP,Airtel,Chandigarh
91XXXXXXXXXX,192.168.1.102,172.217.51.198,80,Google Search,2024-04-03 21:56:16,2024-04-03 22:06:16,TCP,Airtel,Chandigarh
91XXXXXXXXXX,192.168.1.186,172.217.71.195,80,Google Search,2024-04-03 09:31:46,2024-04-03 09:41:46,TCP,Airtel,Chandigarh
91XXXXXXXXXX,192.168.1.27,172.217.243.59,80,Google Search,2024-04-03 02:54:09,2024-04-03 03:04:09,TCP,Airtel,Chandigarh
91XXXXXXXXXX,192.168.1.104,172.217.97.118,80,Google Search,2024-04-03 00:39:04,2024-04-03 00:49:04,TCP,Airtel,Chandigarh
91XXXXXXXXXX,192.168.1.161,172.217.127.76,80,Google Search,2024-04-03 18:16:04,2024-04-03 18:26:04,TCP,Airtel,Chandigarh
91XXXXXXXXXX,192.168.1.101,172.217.211.114,443,Chat GPT,2024-04-03 16:41:22,2024-04-03 16:51:22,TCP,Airtel,Chandigarh
91XXXXXXXXXX,192.168.1.241,172.217.217.44,443,Chat GPT,2024-04-03 23:24:06,2024-04-03 23:34:06,TCP,Airtel,Chandigarh
91XXXXXXXXXX,192.168.1.108,172.217.111.143,443,Chat GPT,2024-04-03 18:42:50,2024-04-03 18:52:50,TCP,Airtel,Chandigarh
91XXXXXXXXXX,192.168.1.16,172.217.134.250,443,Chat GPT,2024-04-03 14:37:18,2024-04-03 14:47:18,TCP,Airtel,Chandigarh
91XXXXXXXXXX,192.168.1.94,172.217.145.198,443,Chat GPT,2024-04-03 06:03:22,2024-04-03 06:13:22,TCP,Airtel,Chandigarh
91XXXXXXXXXX,192.168.1.163,172.217.78.62,443,Chat GPT,2024-04-03 13:52:36,2024-04-03 14:02:36,TCP,Airtel,Chandigarh
91XXXXXXXXXX,192.168.1.97,172.217.105.232,443,Zomato,2024-04-03 15:05:45,2024-04-03 15:15:45,TCP,Airtel,Chandigarh
91XXXXXXXXXX,192.168.1.114,172.217.145.43,443,Zomato,2024-04-03 15:26:17,2024-04-03 15:36:17,TCP,Airtel,Chandigarh
91XXXXXXXXXX,192.168.1.80,172.217.41.231,443,Zomato,2024-04-03 16:14:26,2024-04-03 16:24:26,TCP,Airtel,Chandigarh
91XXXXXXXXXX,192.168.1.189,172.217.208.173,5222,WhatsApp Messenger,2024-04-04 22:21:55,2024-04-04 22:31:55,TCP,Airtel,Chandigarh
91XXXXXXXXXX,192.168.1.57,172.217.59.55,5222,WhatsApp Messenger,2024-04-04 21:47:29,2024-04-04 21:57:29,TCP,Airtel,Chandigarh
91XXXXXXXXXX,192.168.1.31,172.217.173.7,5222,WhatsApp Messenger,2024-04-04 15:00:30,2024-04-04 15:10:30,TCP,Airtel,Chandigarh
91XXXXXXXXXX,192.168.1.212,172.217.233.200,5222,WhatsApp Messenger,2024-04-04 12:12:47,2024-04-04 12:22:47,TCP,Airtel,Chandigarh
91XXXXXXXXXX,192.168.1.81,172.217.246.122,5222,WhatsApp Messenger,2024-04-04 18:47:57,2024-04-04 18:57:57,TCP,Airtel,Chandigarh
91XXXXXXXXXX,192.168.1.72,172.217.68.240,5222,WhatsApp Messenger,2024-04-04 12:57:02,2024-04-04 13:07:02,TCP,Airtel,Chandigarh
91XXXXXXXXXX,192.168.1.225,172.217.14.144,5222,WhatsApp Messenger,2024-04-04 06:53:58,2024-04-04 07:03:58,TCP,Airtel,Chandigarh
91XXXXXXXXXX,192.168.1.108,172.217.240.115,5222,WhatsApp Messenger,2024-04-04 22:49:16,2024-04-04 22:59:16,TCP,Airtel,Chandigarh
91XXXXXXXXXX,192.168.1.134,172.217.34.78,5222,WhatsApp Messenger,2024-04-04 21:11:38,2024-04-04 21:21:38,TCP,Airtel,Chandigarh
91XXXXXXXXXX,192.168.1.225,172.217.186.226,5222,WhatsApp Messenger,2024-04-04 11:53:26,2024-04-04 12:03:26,TCP,Airtel,Chandigarh
91XXXXXXXXXX,192.168.1.197,172.217.147.72,5222,WhatsApp Messenger,2024-04-04 07:05:35,2024-04-04 07:15:35,TCP,Airtel,Chandigarh
91XXXXXXXXXX,192.168.1.145,172.217.134.160,5222,WhatsApp Messenger,2024-04-04 03:26:55,2024-04-04 03:36:55,TCP,Airtel,Chandigarh
91XXXXXXXXXX,192.168.1.109,172.217.40.60,5222,WhatsApp Messenger,2024-04-04 13:37:41,2024-04-04 13:47:41,TCP,Airtel,Chandigarh
91XXXXXXXXXX,192.168.1.225,172.217.68.191,5222,WhatsApp Messenger,2024-04-04 08:04:56,2024-04-04 08:14:56,TCP,Airtel,Chandigarh
91XXXXXXXXXX,192.168.1.38,172.217.237.162,5222,WhatsApp Messenger,2024-04-04 02:49:54,2024-04-04 02:59:54,TCP,Airtel,Chandigarh
91XXXXXXXXXX,192.168.1.23,172.217.151.66,5222,WhatsApp Messenger,2024-04-04 03:44:49,2024-04-04 03:54:49,TCP,Airtel,Chandigarh
91XXXXXXXXXX,192.168.1.171,172.217.146.104,5222,WhatsApp Messenger,2024-04-04 04:04:24,2024-04-04 04:14:24,TCP,Airtel,Chandigarh
91XXXXXXXXXX,192.168.1.209,172.217.111.200,5222,WhatsApp Messenger,2024-04-04 05:03:30,2024-04-04 05:13:30,TCP,Airtel,Chandigarh
91XXXXXXXXXX,192.168.1.215,172.217.86.201,443,Instagram,2024-04-04 14:58:10,2024-04-04 15:08:10,TCP,Airtel,Chandigarh
91XXXXXXXXXX,192.168.1.44,172.217.254.117,443,Instagram,2024-04-04 05:34:54,2024-04-04 05:44:54,TCP,Airtel,Chandigarh
91XXXXXXXXXX,192.168.1.196,172.217.227.238,443,Instagram,2024-04-04 16:08:05,2024-04-04 16:18:05,TCP,Airtel,Chandigarh
91XXXXXXXXXX,192.168.1.114,172.217.227.27,443,Instagram,2024-04-04 01:13:18,2024-04-04 01:23:18,TCP,Airtel,Chandigarh
91XXXXXXXXXX,192.168.1.60,172.217.51.192,443,Instagram,2024-04-04 14:43:58,2024-04-04 14:53:58,TCP,Airtel,Chandigarh
91XXXXXXXXXX,192.168.1.132,172.217.172.14,443,Instagram,2024-04-04 20:47:04,2024-04-04 20:57:04,TCP,Airtel,Chandigarh
91XXXXXXXXXX,192.168.1.167,172.217.221.10,443,Instagram,2024-04-04 08:47:00,2024-04-04 08:57:00,TCP,Airtel,Chandigarh
91XXXXXXXXXX,192.168.1.161,172.217.239.127,443,Instagram,2024-04-04 19:53:51,2024-04-04 20:03:51,TCP,Airtel,Chandigarh
91XXXXXXXXXX,192.168.1.105,172.217.70.167,443,Instagram,2024-04-04 09:27:15,2024-04-04 09:37:15,TCP,Airtel,Chandigarh
91XXXXXXXXXX,192.168.1.72,172.217.16.146,443,Instagram,2024-04-04 05:20:29,2024-04-04 05:30:29,TCP,Airtel,Chandigarh
91XXXXXXXXXX,192.168.1.162,172.217.237.77,443,Instagram,2024-04-04 19:59:54,2024-04-04 20:09:54,TCP,Airtel,Chandigarh
91XXXXXXXXXX,192.168.1.48,172.217.70.47,443,Instagram,2024-04-04 07:36:46,2024-04-04 07:46:46,TCP,Airtel,Chandigarh
91XXXXXXXXXX,192.168.1.254,172.217.57.214,443,Instagram,2024-04-04 14:45:47,2024-04-04 14:55:47,TCP,Airtel,Chandigarh
91XXXXXXXXXX,192.168.1.66,172.217.165.27,443,Instagram,2024-04-04 02:48:29,2024-04-04 02:58:29,TCP,Airtel,Chandigarh
91XXXXXXXXXX,192.168.1.245,172.217.194.247,443,Instagram,2024-04-04 10:00:55,2024-04-04 10:10:55,TCP,Airtel,Chandigarh
91XXXXXXXXXX,192.168.1.120,172.217.216.115,443,Instagram,2024-04-04 01:23:45,2024-04-04 01:33:45,TCP,Airtel,Chandigarh
91XXXXXXXXXX,192.168.1.229,172.217.134.193,443,Instagram,2024-04-04 15:36:03,2024-04-04 15:46:03,TCP,Airtel,Chandigarh
91XXXXXXXXXX,192.168.1.121,172.217.222.93,443,Instagram,2024-04-04 22:14:58,2024-04-04 22:24:58,TCP,Airtel,Chandigarh
91XXXXXXXXXX,192.168.1.93,172.217.241.55,443,Instagram,2024-04-04 21:32:41,2024-04-04 21:42:41,TCP,Airtel,Chandigarh
91XXXXXXXXXX,192.168.1.252,172.217.195.120,443,Instagram,2024-04-04 09:09:48,2024-04-04 09:19:48,TCP,Airtel,Chandigarh
91XXXXXXXXXX,192.168.1.69,172.217.6.223,443,Instagram,2024-04-04 04:57:02,2024-04-04 05:07:02,TCP,Airtel,Chandigarh
91XXXXXXXXXX,192.168.1.90,172.217.62.54,443,Instagram,2024-04-04 02:48:31,2024-04-04 02:58:31,TCP,Airtel,Chandigarh
91XXXXXXXXXX,192.168.1.183,172.217.116.190,443,Instagram,2024-04-04 11:47:37,2024-04-04 11:57:37,TCP,Airtel,Chandigarh
91XXXXXXXXXX,192.168.1.249,172.217.189.78,443,Instagram,2024-04-04 18:57:42,2024-04-04 19:07:42,TCP,Airtel,Chandigarh
91XXXXXXXXXX,192.168.1.236,172.217.112.41,443,Discord,2024-04-04 13:37:59,2024-04-04 13:47:59,TCP,Airtel,Chandigarh
91XXXXXXXXXX,192.168.1.66,172.217.208.13,443,Discord,2024-04-04 09:05:30,2024-04-04 09:15:30,TCP,Airtel,Chandigarh
91XXXXXXXXXX,192.168.1.204,172.217.195.141,443,Discord,2024-04-04 15:27:15,2024-04-04 15:37:15,TCP,Airtel,Chandigarh
91XXXXXXXXXX,192.168.1.28,172.217.64.13,443,Discord,2024-04-04 19:39:08,2024-04-04 19:49:08,TCP,Airtel,Chandigarh
91XXXXXXXXXX,192.168.1.43,172.217.77.161,443,Discord,2024-04-04 19:31:27,2024-04-04 19:41:27,TCP,Airtel,Chandigarh
91XXXXXXXXXX,192.168.1.33,172.217.12.227,443,Discord,2024-04-04 05:19:02,2024-04-04 05:29:02,TCP,Airtel,Chandigarh
91XXXXXXXXXX,192.168.1.253,172.217.65.121,443,Discord,2024-04-04 10:59:21,2024-04-04 11:09:21,TCP,Airtel,Chandigarh
91XXXXXXXXXX,192.168.1.118,172.217.246.185,443,Discord,2024-04-04 23:25:11,2024-04-04 23:35:11,TCP,Airtel,Chandigarh
91XXXXXXXXXX,192.168.1.184,172.217.104.225,443,Discord,2024-04-04 06:27:47,2024-04-04 06:37:47,TCP,Airtel,Chandigarh
91XXXXXXXXXX,192.168.1.208,172.217.128.37,443,Discord,2024-04-04 14:34:54,2024-04-04 14:44:54,TCP,Airtel,Chandigarh
91XXXXXXXXXX,192.168.1.107,172.217.209.22,443,Discord,2024-04-04 18:13:16,2024-04-04 18:23:16,TCP,Airtel,Chandigarh
91XXXXXXXXXX,192.168.1.119,172.217.193.77,443,Discord,2024-04-04 11:44:13,2024-04-04 11:54:13,TCP,Airtel,Chandigarh
91XXXXXXXXXX,192.168.1.36,172.217.14.213,80,Google Search,2024-04-04 20:59:44,2024-04-04 21:09:44,TCP,Airtel,Chandigarh
91XXXXXXXXXX,192.168.1.136,172.217.168.36,80,Google Search,2024-04-04 04:55:12,2024-04-04 05:05:12,TCP,Airtel,Chandigarh
91XXXXXXXXXX,192.168.1.233,172.217.168.225,80,Google Search,2024-04-04 06:33:37,2024-04-04 06:43:37,TCP,Airtel,Chandigarh
91XXXXXXXXXX,192.168.1.22,172.217.211.148,80,Google Search,2024-04-04 05:50:10,2024-04-04 06:00:10,TCP,Airtel,Chandigarh
91XXXXXXXXXX,192.168.1.183,172.217.108.198,80,Google Search,2024-04-04 09:24:56,2024-04-04 09:34:56,TCP,Airtel,Chandigarh
91XXXXXXXXXX,192.168.1.186,172.217.18.137,80,Google Search,2024-04-04 04:27:30,2024-04-04 04:37:30,TCP,Airtel,Chandigarh
91XXXXXXXXXX,192.168.1.133,172.217.111.105,443,Chat GPT,2024-04-04 16:55:38,2024-04-04 17:05:38,TCP,Airtel,Chandigarh
91XXXXXXXXXX,192.168.1.213,172.217.218.48,443,Chat GPT,2024-04-04 16:31:25,2024-04-04 16:41:25,TCP,Airtel,Chandigarh
91XXXXXXXXXX,192.168.1.184,172.217.53.117,443,Chat GPT,2024-04-04 08:12:40,2024-04-04 08:22:40,TCP,Airtel,Chandigarh
91XXXXXXXXXX,192.168.1.238,172.217.21.35,443,Chat GPT,2024-04-04 17:26:51,2024-04-04 17:36:51,TCP,Airtel,Chandigarh
91XXXXXXXXXX,192.168.1.100,172.217.60.110,443,Chat GPT,2024-04-04 22:11:12,2024-04-04 22:21:12,TCP,Airtel,Chandigarh
91XXXXXXXXXX,192.168.1.30,172.217.4.215,443,Chat GPT,2024-04-04 00:21:44,2024-04-04 00:31:44,TCP,Airtel,Chandigarh
91XXXXXXXXXX,192.168.1.231,172.217.12.189,443,Zomato,2024-04-04 13:31:05,2024-04-04 13:41:05,TCP,Airtel,Chandigarh
91XXXXXXXXXX,192.168.1.179,172.217.16.1,443,Zomato,2024-04-04 15:42:43,2024-04-04 15:52:43,TCP,Airtel,Chandigarh
91XXXXXXXXXX,192.168.1.4,172.217.136.29,443,Zomato,2024-04-04 09:36:19,2024-04-04 09:46:19,TCP,Airtel,Chandigarh
91XXXXXXXXXX,192.168.1.211,172.217.141.67,5222,WhatsApp Messenger,2024-04-05 01:51:42,2024-04-05 02:01:42,TCP,Airtel,Chandigarh
91XXXXXXXXXX,192.168.1.207,172.217.109.246,5222,WhatsApp Messenger,2024-04-05 06:21:31,2024-04-05 06:31:31,TCP,Airtel,Chandigarh
91XXXXXXXXXX,192.168.1.57,172.217.132.22,5222,WhatsApp Messenger,2024-04-05 18:26:22,2024-04-05 18:36:22,TCP,Airtel,Chandigarh
91XXXXXXXXXX,192.168.1.228,172.217.113.2,5222,WhatsApp Messenger,2024-04-05 11:12:44,2024-04-05 11:22:44,TCP,Airtel,Chandigarh
91XXXXXXXXXX,192.168.1.195,172.217.37.75,5222,WhatsApp Messenger,2024-04-05 05:03:30,2024-04-05 05:13:30,TCP,Airtel,Chandigarh
91XXXXXXXXXX,192.168.1.78,172.217.118.84,5222,WhatsApp Messenger,2024-04-05 07:01:35,2024-04-05 07:11:35,TCP,Airtel,Chandigarh
91XXXXXXXXXX,192.168.1.133,172.217.94.52,5222,WhatsApp Messenger,2024-04-05 17:23:06,2024-04-05 17:33:06,TCP,Airtel,Chandigarh
91XXXXXXXXXX,192.168.1.253,172.217.215.111,5222,WhatsApp Messenger,2024-04-05 15:04:13,2024-04-05 15:14:13,TCP,Airtel,Chandigarh
91XXXXXXXXXX,192.168.1.44,172.217.194.42,5222,WhatsApp Messenger,2024-04-05 12:58:48,2024-04-05 13:08:48,TCP,Airtel,Chandigarh
91XXXXXXXXXX,192.168.1.58,172.217.214.12,5222,WhatsApp Messenger,2024-04-05 07:21:16,2024-04-05 07:31:16,TCP,Airtel,Chandigarh
91XXXXXXXXXX,192.168.1.6,172.217.113.209,5222,WhatsApp Messenger,2024-04-05 12:48:38,2024-04-05 12:58:38,TCP,Airtel,Chandigarh
91XXXXXXXXXX,192.168.1.250,172.217.207.189,5222,WhatsApp Messenger,2024-04-05 04:20:28,2024-04-05 04:30:28,TCP,Airtel,Chandigarh
91XXXXXXXXXX,192.168.1.207,172.217.146.1,5222,WhatsApp Messenger,2024-04-05 03:49:39,2024-04-05 03:59:39,TCP,Airtel,Chandigarh
91XXXXXXXXXX,192.168.1.249,172.217.122.235,5222,WhatsApp Messenger,2024-04-05 11:28:48,2024-04-05 11:38:48,TCP,Airtel,Chandigarh
91XXXXXXXXXX,192.168.1.15,172.217.230.55,5222,WhatsApp Messenger,2024-04-05 14:20:23,2024-04-05 14:30:23,TCP,Airtel,Chandigarh
91XXXXXXXXXX,192.168.1.217,172.217.188.70,5222,WhatsApp Messenger,2024-04-05 16:44:58,2024-04-05 16:54:58,TCP,Airtel,Chandigarh
91XXXXXXXXXX,192.168.1.60,172.217.55.183,5222,WhatsApp Messenger,2024-04-05 19:00:30,2024-04-05 19:10:30,TCP,Airtel,Chandigarh
91XXXXXXXXXX,192.168.1.116,172.217.98.143,5222,WhatsApp Messenger,2024-04-05 23:46:25,2024-04-05 23:56:25,TCP,Airtel,Chandigarh
91XXXXXXXXXX,192.168.1.138,172.217.232.152,443,Instagram,2024-04-05 01:05:27,2024-04-05 01:15:27,TCP,Airtel,Chandigarh
91XXXXXXXXXX,192.168.1.115,172.217.41.170,443,Instagram,2024-04-05 22:18:47,2024-04-05 22:28:47,TCP,Airtel,Chandigarh
91XXXXXXXXXX,192.168.1.203,172.217.226.193,443,Instagram,2024-04-05 22:29:13,2024-04-05 22:39:13,TCP,Airtel,Chandigarh
91XXXXXXXXXX,192.168.1.73,172.217.58.147,443,Instagram,2024-04-05 22:33:01,2024-04-05 22:43:01,TCP,Airtel,Chandigarh
91XXXXXXXXXX,192.168.1.169,172.217.239.192,443,Instagram,2024-04-05 08:18:31,2024-04-05 08:28:31,TCP,Airtel,Chandigarh
91XXXXXXXXXX,192.168.1.56,172.217.8.205,443,Instagram,2024-04-05 03:48:33,2024-04-05 03:58:33,TCP,Airtel,Chandigarh
91XXXXXXXXXX,192.168.1.184,172.217.64.254,443,Instagram,2024-04-05 16:27:38,2024-04-05 16:37:38,TCP,Airtel,Chandigarh
91XXXXXXXXXX,192.168.1.124,172.217.134.206,443,Instagram,2024-04-05 11:48:55,2024-04-05 11:58:55,TCP,Airtel,Chandigarh
91XXXXXXXXXX,192.168.1.127,172.217.240.88,443,Instagram,2024-04-05 17:02:18,2024-04-05 17:12:18,TCP,Airtel,Chandigarh
91XXXXXXXXXX,192.168.1.138,172.217.177.43,443,Instagram,2024-04-05 06:35:38,2024-04-05 06:45:38,TCP,Airtel,Chandigarh
91XXXXXXXXXX,192.168.1.13,172.217.150.4,443,Instagram,2024-04-05 04:09:17,2024-04-05 04:19:17,TCP,Airtel,Chandigarh
91XXXXXXXXXX,192.168.1.186,172.217.242.249,443,Instagram,2024-04-05 23:44:09,2024-04-05 23:54:09,TCP,Airtel,Chandigarh
91XXXXXXXXXX,192.168.1.32,172.217.2.7,443,Instagram,2024-04-05 07:25:44,2024-04-05 07:35:44,TCP,Airtel,Chandigarh
91XXXXXXXXXX,192.168.1.152,172.217.164.20,443,Instagram,2024-04-05 07:41:35,2024-04-05 07:51:35,TCP,Airtel,Chandigarh
91XXXXXXXXXX,192.168.1.228,172.217.191.251,443,Instagram,2024-04-05 20:55:06,2024-04-05 21:05:06,TCP,Airtel,Chandigarh
91XXXXXXXXXX,192.168.1.203,172.217.72.14,443,Instagram,2024-04-05 00:30:29,2024-04-05 00:40:29,TCP,Airtel,Chandigarh
91XXXXXXXXXX,192.168.1.45,172.217.72.194,443,Instagram,2024-04-05 09:55:06,2024-04-05 10:05:06,TCP,Airtel,Chandigarh
91XXXXXXXXXX,192.168.1.137,172.217.202.26,443,Instagram,2024-04-05 04:07:49,2024-04-05 04:17:49,TCP,Airtel,Chandigarh
91XXXXXXXXXX,192.168.1.140,172.217.89.184,443,Instagram,2024-04-05 02:04:17,2024-04-05 02:14:17,TCP,Airtel,Chandigarh
91XXXXXXXXXX,192.168.1.113,172.217.232.60,443,Instagram,2024-04-05 05:26:51,2024-04-05 05:36:51,TCP,Airtel,Chandigarh
91XXXXXXXXXX,192.168.1.24,172.217.215.148,443,Instagram,2024-04-05 09:04:41,2024-04-05 09:14:41,TCP,Airtel,Chandigarh
91XXXXXXXXXX,192.168.1.159,172.217.236.45,443,Instagram,2024-04-05 14:14:49,2024-04-05 14:24:49,TCP,Airtel,Chandigarh
91XXXXXXXXXX,192.168.1.134,172.217.51.140,443,Instagram,2024-04-05 09:13:13,2024-04-05 09:23:13,TCP,Airtel,Chandigarh
91XXXXXXXXXX,192.168.1.32,172.217.117.246,443,Instagram,2024-04-05 07:56:54,2024-04-05 08:06:54,TCP,Airtel,Chandigarh
91XXXXXXXXXX,192.168.1.254,172.217.60.185,443,Discord,2024-04-05 09:38:59,2024-04-05 09:48:59,TCP,Airtel,Chandigarh
91XXXXXXXXXX,192.168.1.224,172.217.146.204,443,Discord,2024-04-05 22:35:56,2024-04-05 22:45:56,TCP,Airtel,Chandigarh
91XXXXXXXXXX,192.168.1.147,172.217.119.246,443,Discord,2024-04-05 12:46:50,2024-04-05 12:56:50,TCP,Airtel,Chandigarh
91XXXXXXXXXX,192.168.1.206,172.217.80.251,443,Discord,2024-04-05 10:04:13,2024-04-05 10:14:13,TCP,Airtel,Chandigarh
91XXXXXXXXXX,192.168.1.30,172.217.197.69,443,Discord,2024-04-05 17:21:50,2024-04-05 17:31:50,TCP,Airtel,Chandigarh
91XXXXXXXXXX,192.168.1.250,172.217.99.125,443,Discord,2024-04-05 09:18:25,2024-04-05 09:28:25,TCP,Airtel,Chandigarh
91XXXXXXXXXX,192.168.1.158,172.217.152.153,443,Discord,2024-04-05 07:09:51,2024-04-05 07:19:51,TCP,Airtel,Chandigarh
91XXXXXXXXXX,192.168.1.216,172.217.191.226,443,Discord,2024-04-05 04:18:28,2024-04-05 04:28:28,TCP,Airtel,Chandigarh
91XXXXXXXXXX,192.168.1.190,172.217.190.114,443,Discord,2024-04-05 01:02:59,2024-04-05 01:12:59,TCP,Airtel,Chandigarh
91XXXXXXXXXX,192.168.1.135,172.217.173.183,443,Discord,2024-04-05 23:24:01,2024-04-05 23:34:01,TCP,Airtel,Chandigarh
91XXXXXXXXXX,192.168.1.95,172.217.43.78,443,Discord,2024-04-05 21:55:19,2024-04-05 22:05:19,TCP,Airtel,Chandigarh
91XXXXXXXXXX,192.168.1.103,172.217.141.198,443,Discord,2024-04-05 07:41:30,2024-04-05 07:51:30,TCP,Airtel,Chandigarh
91XXXXXXXXXX,192.168.1.18,172.217.183.153,80,Google Search,2024-04-05 00:42:28,2024-04-05 00:52:28,TCP,Airtel,Chandigarh
91XXXXXXXXXX,192.168.1.60,172.217.204.33,80,Google Search,2024-04-05 21:51:31,2024-04-05 22:01:31,TCP,Airtel,Chandigarh
91XXXXXXXXXX,192.168.1.146,172.217.42.143,80,Google Search,2024-04-05 08:06:25,2024-04-05 08:16:25,TCP,Airtel,Chandigarh
91XXXXXXXXXX,192.168.1.8,172.217.68.82,80,Google Search,2024-04-05 18:49:49,2024-04-05 18:59:49,TCP,Airtel,Chandigarh
91XXXXXXXXXX,192.168.1.22,172.217.6.120,80,Google Search,2024-04-05 02:50:17,2024-04-05 03:00:17,TCP,Airtel,Chandigarh
91XXXXXXXXXX,192.168.1.45,172.217.78.187,80,Google Search,2024-04-05 01:46:18,2024-04-05 01:56:18,TCP,Airtel,Chandigarh
91XXXXXXXXXX,192.168.1.87,172.217.167.171,443,Chat GPT,2024-04-05 10:58:36,2024-04-05 11:08:36,TCP,Airtel,Chandigarh
91XXXXXXXXXX,192.168.1.46,172.217.60.243,443,Chat GPT,2024-04-05 10:26:33,2024-04-05 10:36:33,TCP,Airtel,Chandigarh
91XXXXXXXXXX,192.168.1.67,172.217.170.224,443,Chat GPT,2024-04-05 18:55:37,2024-04-05 19:05:37,TCP,Airtel,Chandigarh
91XXXXXXXXXX,192.168.1.55,172.217.255.122,443,Chat GPT,2024-04-05 04:46:43,2024-04-05 04:56:43,TCP,Airtel,Chandigarh
91XXXXXXXXXX,192.168.1.251,172.217.57.238,443,Chat GPT,2024-04-05 08:10:46,2024-04-05 08:20:46,TCP,Airtel,Chandigarh
91XXXXXXXXXX,192.168.1.231,172.217.3.136,443,Chat GPT,2024-04-05 06:12:21,2024-04-05 06:22:21,TCP,Airtel,Chandigarh
91XXXXXXXXXX,192.168.1.139,172.217.211.251,443,Zomato,2024-04-05 05:09:04,2024-04-05 05:19:04,TCP,Airtel,Chandigarh
91XXXXXXXXXX,192.168.1.137,172.217.64.184,443,Zomato,2024-04-05 15:25:33,2024-04-05 15:35:33,TCP,Airtel,Chandigarh
91XXXXXXXXXX,192.168.1.88,172.217.194.129,443,Zomato,2024-04-05 04:48:40,2024-04-05 04:58:40,TCP,Airtel,Chandigarh
91XXXXXXXXXX,192.168.1.63,172.217.209.22,5222,WhatsApp Messenger,2024-04-06 15:02:45,2024-04-06 15:12:45,TCP,Airtel,Chandigarh
91XXXXXXXXXX,192.168.1.114,172.217.97.50,5222,WhatsApp Messenger,2024-04-06 09:59:41,2024-04-06 10:09:41,TCP,Airtel,Chandigarh
91XXXXXXXXXX,192.168.1.122,172.217.24.122,5222,WhatsApp Messenger,2024-04-06 05:37:15,2024-04-06 05:47:15,TCP,Airtel,Chandigarh
91XXXXXXXXXX,192.168.1.142,172.217.31.215,5222,WhatsApp Messenger,2024-04-06 17:50:12,2024-04-06 18:00:12,TCP,Airtel,Chandigarh
91XXXXXXXXXX,192.168.1.33,172.217.228.255,5222,WhatsApp Messenger,2024-04-06 03:48:17,2024-04-06 03:58:17,TCP,Airtel,Chandigarh
91XXXXXXXXXX,192.168.1.98,172.217.102.164,5222,WhatsApp Messenger,2024-04-06 15:08:43,2024-04-06 15:18:43,TCP,Airtel,Chandigarh
91XXXXXXXXXX,192.168.1.231,172.217.20.103,5222,WhatsApp Messenger,2024-04-06 06:34:15,2024-04-06 06:44:15,TCP,Airtel,Chandigarh
91XXXXXXXXXX,192.168.1.166,172.217.4.196,5222,WhatsApp Messenger,2024-04-06 08:36:35,2024-04-06 08:46:35,TCP,Airtel,Chandigarh
91XXXXXXXXXX,192.168.1.3,172.217.82.113,5222,WhatsApp Messenger,2024-04-06 16:07:18,2024-04-06 16:17:18,TCP,Airtel,Chandigarh
91XXXXXXXXXX,192.168.1.99,172.217.9.137,5222,WhatsApp Messenger,2024-04-06 07:11:44,2024-04-06 07:21:44,TCP,Airtel,Chandigarh
91XXXXXXXXXX,192.168.1.66,172.217.111.119,5222,WhatsApp Messenger,2024-04-06 05:02:07,2024-04-06 05:12:07,TCP,Airtel,Chandigarh
91XXXXXXXXXX,192.168.1.101,172.217.131.78,5222,WhatsApp Messenger,2024-04-06 00:44:01,2024-04-06 00:54:01,TCP,Airtel,Chandigarh
91XXXXXXXXXX,192.168.1.123,172.217.80.166,5222,WhatsApp Messenger,2024-04-06 04:16:21,2024-04-06 04:26:21,TCP,Airtel,Chandigarh
91XXXXXXXXXX,192.168.1.21,172.217.223.27,5222,WhatsApp Messenger,2024-04-06 00:11:28,2024-04-06 00:21:28,TCP,Airtel,Chandigarh
91XXXXXXXXXX,192.168.1.83,172.217.40.129,5222,WhatsApp Messenger,2024-04-06 16:00:46,2024-04-06 16:10:46,TCP,Airtel,Chandigarh
91XXXXXXXXXX,192.168.1.253,172.217.101.8,5222,WhatsApp Messenger,2024-04-06 03:20:21,2024-04-06 03:30:21,TCP,Airtel,Chandigarh
91XXXXXXXXXX,192.168.1.172,172.217.214.205,5222,WhatsApp Messenger,2024-04-06 00:12:00,2024-04-06 00:22:00,TCP,Airtel,Chandigarh
91XXXXXXXXXX,192.168.1.56,172.217.227.220,5222,WhatsApp Messenger,2024-04-06 05:12:17,2024-04-06 05:22:17,TCP,Airtel,Chandigarh
91XXXXXXXXXX,192.168.1.138,172.217.88.37,443,Instagram,2024-04-06 22:52:21,2024-04-06 23:02:21,TCP,Airtel,Chandigarh
91XXXXXXXXXX,192.168.1.150,172.217.20.189,443,Instagram,2024-04-06 12:02:24,2024-04-06 12:12:24,TCP,Airtel,Chandigarh
91XXXXXXXXXX,192.168.1.89,172.217.108.21,443,Instagram,2024-04-06 21:20:54,2024-04-06 21:30:54,TCP,Airtel,Chandigarh
91XXXXXXXXXX,192.168.1.26,172.217.69.4,443,Instagram,2024-04-06 08:05:41,2024-04-06 08:15:41,TCP,Airtel,Chandigarh
91XXXXXXXXXX,192.168.1.25,172.217.211.43,443,Instagram,2024-04-06 19:25:36,2024-04-06 19:35:36,TCP,Airtel,Chandigarh
91XXXXXXXXXX,192.168.1.171,172.217.122.200,443,Instagram,2024-04-06 22:23:42,2024-04-06 22:33:42,TCP,Airtel,Chandigarh
91XXXXXXXXXX,192.168.1.148,172.217.118.120,443,Instagram,2024-04-06 04:35:12,2024-04-06 04:45:12,TCP,Airtel,Chandigarh
91XXXXXXXXXX,192.168.1.174,172.217.150.143,443,Instagram,2024-04-06 06:40:57,2024-04-06 06:50:57,TCP,Airtel,Chandigarh
91XXXXXXXXXX,192.168.1.126,172.217.105.97,443,Instagram,2024-04-06 22:26:57,2024-04-06 22:36:57,TCP,Airtel,Chandigarh
91XXXXXXXXXX,192.168.1.74,172.217.27.137,443,Instagram,2024-04-06 09:59:56,2024-04-06 10:09:56,TCP,Airtel,Chandigarh
91XXXXXXXXXX,192.168.1.10,172.217.107.254,443,Instagram,2024-04-06 02:59:42,2024-04-06 03:09:42,TCP,Airtel,Chandigarh
91XXXXXXXXXX,192.168.1.77,172.217.8.254,443,Instagram,2024-04-06 20:58:22,2024-04-06 21:08:22,TCP,Airtel,Chandigarh
91XXXXXXXXXX,192.168.1.162,172.217.120.201,443,Instagram,2024-04-06 14:01:30,2024-04-06 14:11:30,TCP,Airtel,Chandigarh
91XXXXXXXXXX,192.168.1.175,172.217.125.115,443,Instagram,2024-04-06 09:28:49,2024-04-06 09:38:49,TCP,Airtel,Chandigarh
91XXXXXXXXXX,192.168.1.51,172.217.67.119,443,Instagram,2024-04-06 16:25:04,2024-04-06 16:35:04,TCP,Airtel,Chandigarh
91XXXXXXXXXX,192.168.1.177,172.217.123.214,443,Instagram,2024-04-06 21:27:19,2024-04-06 21:37:19,TCP,Airtel,Chandigarh
91XXXXXXXXXX,192.168.1.243,172.217.124.138,443,Instagram,2024-04-06 09:46:01,2024-04-06 09:56:01,TCP,Airtel,Chandigarh
91XXXXXXXXXX,192.168.1.176,172.217.87.68,443,Instagram,2024-04-06 14:22:38,2024-04-06 14:32:38,TCP,Airtel,Chandigarh
91XXXXXXXXXX,192.168.1.230,172.217.132.62,443,Instagram,2024-04-06 11:03:38,2024-04-06 11:13:38,TCP,Airtel,Chandigarh
91XXXXXXXXXX,192.168.1.55,172.217.114.141,443,Instagram,2024-04-06 14:43:28,2024-04-06 14:53:28,TCP,Airtel,Chandigarh
91XXXXXXXXXX,192.168.1.61,172.217.215.41,443,Instagram,2024-04-06 23:26:06,2024-04-06 23:36:06,TCP,Airtel,Chandigarh
91XXXXXXXXXX,192.168.1.32,172.217.130.29,443,Instagram,2024-04-06 19:14:19,2024-04-06 19:24:19,TCP,Airtel,Chandigarh
91XXXXXXXXXX,192.168.1.72,172.217.202.80,443,Instagram,2024-04-06 17:59:20,2024-04-06 18:09:20,TCP,Airtel,Chandigarh
91XXXXXXXXXX,192.168.1.69,172.217.134.1,443,Instagram,2024-04-06 13:45:04,2024-04-06 13:55:04,TCP,Airtel,Chandigarh
91XXXXXXXXXX,192.168.1.124,172.217.120.62,443,Discord,2024-04-06 22:40:36,2024-04-06 22:50:36,TCP,Airtel,Chandigarh
91XXXXXXXXXX,192.168.1.10,172.217.111.180,443,Discord,2024-04-06 09:03:33,2024-04-06 09:13:33,TCP,Airtel,Chandigarh
91XXXXXXXXXX,192.168.1.231,172.217.183.90,443,Discord,2024-04-06 11:07:12,2024-04-06 11:17:12,TCP,Airtel,Chandigarh
91XXXXXXXXXX,192.168.1.132,172.217.170.182,443,Discord,2024-04-06 09:14:48,2024-04-06 09:24:48,TCP,Airtel,Chandigarh
91XXXXXXXXXX,192.168.1.146,172.217.181.210,443,Discord,2024-04-06 06:28:56,2024-04-06 06:38:56,TCP,Airtel,Chandigarh
91XXXXXXXXXX,192.168.1.247,172.217.118.74,443,Discord,2024-04-06 19:07:10,2024-04-06 19:17:10,TCP,Airtel,Chandigarh
91XXXXXXXXXX,192.168.1.95,172.217.225.44,443,Discord,2024-04-06 10:39:51,2024-04-06 10:49:51,TCP,Airtel,Chandigarh
91XXXXXXXXXX,192.168.1.191,172.217.217.248,443,Discord,2024-04-06 20:04:48,2024-04-06 20:14:48,TCP,Airtel,Chandigarh
91XXXXXXXXXX,192.168.1.111,172.217.89.83,443,Discord,2024-04-06 12:07:13,2024-04-06 12:17:13,TCP,Airtel,Chandigarh
91XXXXXXXXXX,192.168.1.12,172.217.144.81,443,Discord,2024-04-06 01:19:51,2024-04-06 01:29:51,TCP,Airtel,Chandigarh
91XXXXXXXXXX,192.168.1.141,172.217.178.184,443,Discord,2024-04-06 16:09:50,2024-04-06 16:19:50,TCP,Airtel,Chandigarh
91XXXXXXXXXX,192.168.1.127,172.217.31.230,443,Discord,2024-04-06 14:33:44,2024-04-06 14:43:44,TCP,Airtel,Chandigarh
91XXXXXXXXXX,192.168.1.196,172.217.216.210,80,Google Search,2024-04-06 09:33:02,2024-04-06 09:43:02,TCP,Airtel,Chandigarh
91XXXXXXXXXX,192.168.1.125,172.217.173.186,80,Google Search,2024-04-06 07:34:43,2024-04-06 07:44:43,TCP,Airtel,Chandigarh
91XXXXXXXXXX,192.168.1.131,172.217.108.83,80,Google Search,2024-04-06 23:44:33,2024-04-06 23:54:33,TCP,Airtel,Chandigarh
91XXXXXXXXXX,192.168.1.69,172.217.216.249,80,Google Search,2024-04-06 03:44:29,2024-04-06 03:54:29,TCP,Airtel,Chandigarh
91XXXXXXXXXX,192.168.1.249,172.217.84.184,80,Google Search,2024-04-06 11:10:36,2024-04-06 11:20:36,TCP,Airtel,Chandigarh
91XXXXXXXXXX,192.168.1.81,172.217.40.115,80,Google Search,2024-04-06 14:11:15,2024-04-06 14:21:15,TCP,Airtel,Chandigarh
91XXXXXXXXXX,192.168.1.246,172.217.7.114,443,Chat GPT,2024-04-06 21:29:36,2024-04-06 21:39:36,TCP,Airtel,Chandigarh
91XXXXXXXXXX,192.168.1.62,172.217.107.46,443,Chat GPT,2024-04-06 22:50:00,2024-04-06 23:00:00,TCP,Airtel,Chandigarh
91XXXXXXXXXX,192.168.1.154,172.217.67.252,443,Chat GPT,2024-04-06 00:34:45,2024-04-06 00:44:45,TCP,Airtel,Chandigarh
91XXXXXXXXXX,192.168.1.19,172.217.53.133,443,Chat GPT,2024-04-06 20:19:45,2024-04-06 20:29:45,TCP,Airtel,Chandigarh
91XXXXXXXXXX,192.168.1.80,172.217.146.54,443,Chat GPT,2024-04-06 07:39:50,2024-04-06 07:49:50,TCP,Airtel,Chandigarh
91XXXXXXXXXX,192.168.1.22,172.217.38.11,443,Chat GPT,2024-04-06 10:52:13,2024-04-06 11:02:13,TCP,Airtel,Chandigarh
91XXXXXXXXXX,192.168.1.18,172.217.77.0,443,Zomato,2024-04-06 14:13:42,2024-04-06 14:23:42,TCP,Airtel,Chandigarh
91XXXXXXXXXX,192.168.1.50,172.217.50.236,443,Zomato,2024-04-06 08:00:56,2024-04-06 08:10:56,TCP,Airtel,Chandigarh
91XXXXXXXXXX,192.168.1.149,172.217.159.41,443,Zomato,2024-04-06 03:17:15,2024-04-06 03:27:15,TCP,Airtel,Chandigarh
91XXXXXXXXXX,192.168.1.84,172.217.75.166,5222,WhatsApp Messenger,2024-04-07 11:39:25,2024-04-07 11:49:25,TCP,Airtel,Chandigarh
91XXXXXXXXXX,192.168.1.208,172.217.175.60,5222,WhatsApp Messenger,2024-04-07 12:23:56,2024-04-07 12:33:56,TCP,Airtel,Chandigarh
91XXXXXXXXXX,192.168.1.87,172.217.218.150,5222,WhatsApp Messenger,2024-04-07 08:03:43,2024-04-07 08:13:43,TCP,Airtel,Chandigarh
91XXXXXXXXXX,192.168.1.239,172.217.151.232,5222,WhatsApp Messenger,2024-04-07 09:20:35,2024-04-07 09:30:35,TCP,Airtel,Chandigarh
91XXXXXXXXXX,192.168.1.129,172.217.236.43,5222,WhatsApp Messenger,2024-04-07 15:06:36,2024-04-07 15:16:36,TCP,Airtel,Chandigarh
91XXXXXXXXXX,192.168.1.220,172.217.115.103,5222,WhatsApp Messenger,2024-04-07 13:05:28,2024-04-07 13:15:28,TCP,Airtel,Chandigarh
91XXXXXXXXXX,192.168.1.132,172.217.100.36,5222,WhatsApp Messenger,2024-04-07 12:37:58,2024-04-07 12:47:58,TCP,Airtel,Chandigarh
91XXXXXXXXXX,192.168.1.223,172.217.101.206,5222,WhatsApp Messenger,2024-04-07 01:03:22,2024-04-07 01:13:22,TCP,Airtel,Chandigarh
91XXXXXXXXXX,192.168.1.248,172.217.166.166,5222,WhatsApp Messenger,2024-04-07 17:57:57,2024-04-07 18:07:57,TCP,Airtel,Chandigarh
91XXXXXXXXXX,192.168.1.153,172.217.168.79,5222,WhatsApp Messenger,2024-04-07 08:13:28,2024-04-07 08:23:28,TCP,Airtel,Chandigarh
91XXXXXXXXXX,192.168.1.17,172.217.65.10,5222,WhatsApp Messenger,2024-04-07 03:52:09,2024-04-07 04:02:09,TCP,Airtel,Chandigarh
91XXXXXXXXXX,192.168.1.63,172.217.241.84,5222,WhatsApp Messenger,2024-04-07 16:20:34,2024-04-07 16:30:34,TCP,Airtel,Chandigarh
91XXXXXXXXXX,192.168.1.32,172.217.202.32,5222,WhatsApp Messenger,2024-04-07 03:23:30,2024-04-07 03:33:30,TCP,Airtel,Chandigarh
91XXXXXXXXXX,192.168.1.12,172.217.105.109,5222,WhatsApp Messenger,2024-04-07 02:04:37,2024-04-07 02:14:37,TCP,Airtel,Chandigarh
91XXXXXXXXXX,192.168.1.19,172.217.105.94,5222,WhatsApp Messenger,2024-04-07 17:54:58,2024-04-07 18:04:58,TCP,Airtel,Chandigarh
91XXXXXXXXXX,192.168.1.74,172.217.217.248,5222,WhatsApp Messenger,2024-04-07 09:31:01,2024-04-07 09:41:01,TCP,Airtel,Chandigarh
91XXXXXXXXXX,192.168.1.38,172.217.21.146,5222,WhatsApp Messenger,2024-04-07 02:37:55,2024-04-07 02:47:55,TCP,Airtel,Chandigarh
91XXXXXXXXXX,192.168.1.133,172.217.22.164,5222,WhatsApp Messenger,2024-04-07 19:43:14,2024-04-07 19:53:14,TCP,Airtel,Chandigarh
91XXXXXXXXXX,192.168.1.231,172.217.75.143,443,Instagram,2024-04-07 15:00:57,2024-04-07 15:10:57,TCP,Airtel,Chandigarh
91XXXXXXXXXX,192.168.1.140,172.217.57.145,443,Instagram,2024-04-07 06:23:45,2024-04-07 06:33:45,TCP,Airtel,Chandigarh
91XXXXXXXXXX,192.168.1.62,172.217.177.180,443,Instagram,2024-04-07 01:22:27,2024-04-07 01:32:27,TCP,Airtel,Chandigarh
91XXXXXXXXXX,192.168.1.213,172.217.204.185,443,Instagram,2024-04-07 19:34:58,2024-04-07 19:44:58,TCP,Airtel,Chandigarh
91XXXXXXXXXX,192.168.1.246,172.217.56.224,443,Instagram,2024-04-07 07:02:56,2024-04-07 07:12:56,TCP,Airtel,Chandigarh
91XXXXXXXXXX,192.168.1.50,172.217.158.80,443,Instagram,2024-04-07 06:40:00,2024-04-07 06:50:00,TCP,Airtel,Chandigarh
91XXXXXXXXXX,192.168.1.233,172.217.87.104,443,Instagram,2024-04-07 07:23:46,2024-04-07 07:33:46,TCP,Airtel,Chandigarh
91XXXXXXXXXX,192.168.1.195,172.217.238.69,443,Instagram,2024-04-07 04:49:36,2024-04-07 04:59:36,TCP,Airtel,Chandigarh
91XXXXXXXXXX,192.168.1.171,172.217.53.18,443,Instagram,2024-04-07 00:06:01,2024-04-07 00:16:01,TCP,Airtel,Chandigarh
91XXXXXXXXXX,192.168.1.84,172.217.255.46,443,Instagram,2024-04-07 17:20:16,2024-04-07 17:30:16,TCP,Airtel,Chandigarh
91XXXXXXXXXX,192.168.1.110,172.217.216.14,443,Instagram,2024-04-07 15:10:41,2024-04-07 15:20:41,TCP,Airtel,Chandigarh
91XXXXXXXXXX,192.168.1.101,172.217.68.200,443,Instagram,2024-04-07 11:26:27,2024-04-07 11:36:27,TCP,Airtel,Chandigarh
91XXXXXXXXXX,192.168.1.121,172.217.53.187,443,Instagram,2024-04-07 22:38:21,2024-04-07 22:48:21,TCP,Airtel,Chandigarh
91XXXXXXXXXX,192.168.1.49,172.217.63.43,443,Instagram,2024-04-07 14:06:03,2024-04-07 14:16:03,TCP,Airtel,Chandigarh
91XXXXXXXXXX,192.168.1.69,172.217.221.39,443,Instagram,2024-04-07 05:22:02,2024-04-07 05:32:02,TCP,Airtel,Chandigarh
91XXXXXXXXXX,192.168.1.68,172.217.11.164,443,Instagram,2024-04-07 02:40:47,2024-04-07 02:50:47,TCP,Airtel,Chandigarh
91XXXXXXXXXX,192.168.1.168,172.217.116.161,443,Instagram,2024-04-07 07:04:20,2024-04-07 07:14:20,TCP,Airtel,Chandigarh
91XXXXXXXXXX,192.168.1.163,172.217.34.238,443,Instagram,2024-04-07 01:08:27,2024-04-07 01:18:27,TCP,Airtel,Chandigarh
91XXXXXXXXXX,192.168.1.168,172.217.56.187,443,Instagram,2024-04-07 02:18:00,2024-04-07 02:28:00,TCP,Airtel,Chandigarh
91XXXXXXXXXX,192.168.1.230,172.217.66.85,443,Instagram,2024-04-07 23:45:20,2024-04-07 23:55:20,TCP,Airtel,Chandigarh
91XXXXXXXXXX,192.168.1.36,172.217.220.47,443,Instagram,2024-04-07 03:32:55,2024-04-07 03:42:55,TCP,Airtel,Chandigarh
91XXXXXXXXXX,192.168.1.132,172.217.134.128,443,Instagram,2024-04-07 01:39:24,2024-04-07 01:49:24,TCP,Airtel,Chandigarh
91XXXXXXXXXX,192.168.1.84,172.217.166.6,443,Instagram,2024-04-07 17:06:40,2024-04-07 17:16:40,TCP,Airtel,Chandigarh
91XXXXXXXXXX,192.168.1.44,172.217.28.157,443,Instagram,2024-04-07 01:00:21,2024-04-07 01:10:21,TCP,Airtel,Chandigarh
91XXXXXXXXXX,192.168.1.157,172.217.79.130,443,Discord,2024-04-07 15:29:25,2024-04-07 15:39:25,TCP,Airtel,Chandigarh
91XXXXXXXXXX,192.168.1.3,172.217.8.30,443,Discord,2024-04-07 12:02:53,2024-04-07 12:12:53,TCP,Airtel,Chandigarh
91XXXXXXXXXX,192.168.1.154,172.217.99.26,443,Discord,2024-04-07 15:03:05,2024-04-07 15:13:05,TCP,Airtel,Chandigarh
91XXXXXXXXXX,192.168.1.248,172.217.230.99,443,Discord,2024-04-07 06:30:09,2024-04-07 06:40:09,TCP,Airtel,Chandigarh
91XXXXXXXXXX,192.168.1.138,172.217.78.130,443,Discord,2024-04-07 01:49:46,2024-04-07 01:59:46,TCP,Airtel,Chandigarh
91XXXXXXXXXX,192.168.1.67,172.217.65.4,443,Discord,2024-04-07 04:33:31,2024-04-07 04:43:31,TCP,Airtel,Chandigarh
91XXXXXXXXXX,192.168.1.114,172.217.30.126,443,Discord,2024-04-07 01:42:10,2024-04-07 01:52:10,TCP,Airtel,Chandigarh
91XXXXXXXXXX,192.168.1.180,172.217.76.41,443,Discord,2024-04-07 05:59:38,2024-04-07 06:09:38,TCP,Airtel,Chandigarh
91XXXXXXXXXX,192.168.1.107,172.217.19.126,443,Discord,2024-04-07 16:08:26,2024-04-07 16:18:26,TCP,Airtel,Chandigarh
91XXXXXXXXXX,192.168.1.93,172.217.152.229,443,Discord,2024-04-07 11:44:10,2024-04-07 11:54:10,TCP,Airtel,Chandigarh
91XXXXXXXXXX,192.168.1.131,172.217.41.154,443,Discord,2024-04-07 03:58:36,2024-04-07 04:08:36,TCP,Airtel,Chandigarh
91XXXXXXXXXX,192.168.1.124,172.217.79.215,443,Discord,2024-04-07 03:41:23,2024-04-07 03:51:23,TCP,Airtel,Chandigarh
91XXXXXXXXXX,192.168.1.3,172.217.194.230,80,Google Search,2024-04-07 12:44:03,2024-04-07 12:54:03,TCP,Airtel,Chandigarh
91XXXXXXXXXX,192.168.1.96,172.217.34.245,80,Google Search,2024-04-07 15:10:29,2024-04-07 15:20:29,TCP,Airtel,Chandigarh
91XXXXXXXXXX,192.168.1.248,172.217.79.202,80,Google Search,2024-04-07 04:08:17,2024-04-07 04:18:17,TCP,Airtel,Chandigarh
91XXXXXXXXXX,192.168.1.169,172.217.56.236,80,Google Search,2024-04-07 09:44:49,2024-04-07 09:54:49,TCP,Airtel,Chandigarh
91XXXXXXXXXX,192.168.1.196,172.217.99.162,80,Google Search,2024-04-07 13:57:21,2024-04-07 14:07:21,TCP,Airtel,Chandigarh
91XXXXXXXXXX,192.168.1.95,172.217.61.110,80,Google Search,2024-04-07 04:07:13,2024-04-07 04:17:13,TCP,Airtel,Chandigarh
91XXXXXXXXXX,192.168.1.114,172.217.48.157,443,Chat GPT,2024-04-07 03:29:13,2024-04-07 03:39:13,TCP,Airtel,Chandigarh
91XXXXXXXXXX,192.168.1.53,172.217.34.114,443,Chat GPT,2024-04-07 01:58:44,2024-04-07 02:08:44,TCP,Airtel,Chandigarh
91XXXXXXXXXX,192.168.1.250,172.217.246.131,443,Chat GPT,2024-04-07 11:23:45,2024-04-07 11:33:45,TCP,Airtel,Chandigarh
91XXXXXXXXXX,192.168.1.204,172.217.88.155,443,Chat GPT,2024-04-07 21:35:41,2024-04-07 21:45:41,TCP,Airtel,Chandigarh
91XXXXXXXXXX,192.168.1.2,172.217.79.182,443,Chat GPT,2024-04-07 23:06:16,2024-04-07 23:16:16,TCP,Airtel,Chandigarh
91XXXXXXXXXX,192.168.1.209,172.217.36.171,443,Chat GPT,2024-04-07 03:36:49,2024-04-07 03:46:49,TCP,Airtel,Chandigarh
91XXXXXXXXXX,192.168.1.77,172.217.245.122,443,Zomato,2024-04-07 17:31:51,2024-04-07 17:41:51,TCP,Airtel,Chandigarh
91XXXXXXXXXX,192.168.1.42,172.217.252.40,443,Zomato,2024-04-07 02:28:55,2024-04-07 02:38:55,TCP,Airtel,Chandigarh
91XXXXXXXXXX,192.168.1.200,172.217.31.43,443,Zomato,2024-04-07 22:55:41,2024-04-07 23:05:41,TCP,Airtel,Chandigarh
